Product Name,Product URL,Product Price,Product Rating,Number of Reviews
,https://www.amazon.inhttps://aax-eu.amazon.in/x/c/RPay85PuwmZQG41h7RqzJoYAAAGJMMqYrwMAAAH2AQBvbm9fdHhuX2JpZDMgICBvbm9fdHhuX2ltcDEgICBxYqwy/https://www.amazon.in/HSA/pages/default/?_encoding=UTF8&pageId=63581924-004A-4458-A5E5-80E00DBF8431&store_ref=SB_A0170529362L71KIALO1D&pd_rd_plhdr=t&aaxitk=daac8aa03f27e769303a83c0576411c1&hsa_cr_id=7404041550902&lp_asins=B01N6XGKFU%2CB01NAZVN8M%2CB0719S1TJZ&lp_query=bags&lp_slot=auto-sparkle-hsa-tetris&ref_=sbx_be_s_sparkle_td_bkgd&pd_rd_w=YIaH7&content-id=amzn1.sym.bc0e77cc-908d-4121-87d3-b355b997dda7%3Aamzn1.sym.bc0e77cc-908d-4121-87d3-b355b997dda7&pf_rd_p=bc0e77cc-908d-4121-87d3-b355b997dda7&pf_rd_r=Q5T59R4C3C49X02DAZSY&pd_rd_wg=iNB2C&pd_rd_r=3e7a9c57-9bbb-4a49-8706-f5ed156a0d75,225..00,4.5 out of 5 stars.,
,,,,
Northzone Lightweight school bags Backpacks for Boys Girls Stylish men and women Casual Travel Laptop Bag College office (Black) 40L,https://www.amazon.in/NORTH-ZONE-Lightweight-Backpacks-Stylish/dp/B0BL3TVDK6/ref=sr_1_49?keywords=bags&qid=1688740731&sr=8-49,,4.0 out of 5 stars,102
Wesley Spartan Unisex Travel Hiking Laptop Bag fits Upto 17.3 inch with Raincover and Internal Organiser Backpack Rucksack College Bag,https://www.amazon.in/Wesley-Spartan-Hiking-Raincover-Organiser/dp/B098QFF5TJ/ref=sr_1_50?keywords=bags&qid=1688740731&sr=8-50,,4.1 out of 5 stars,"1,463"
Zipline Unisex Casual Polyester 36 L Backpack School Bag Women Men Boys Girls Children Daypack College Bag Book School Sports Bag,https://www.amazon.in/Zipline-Nexa-Resistant-Bagpack-Backpack/dp/B08WQ668WJ/ref=sr_1_51?keywords=bags&qid=1688740731&sr=8-51,,3.7 out of 5 stars,905
,,,,
"Lenovo 15.6"" Casual Backpack B210",https://www.amazon.in/Lenovo-Laptop-Backpack-15-6-Inch-GX40Q17225/dp/B075Y72PHZ/ref=sr_1_52?keywords=bags&qid=1688740731&sr=8-52,,4.1 out of 5 stars,"18,398"
DEIN KLEIDER Men's Nylon Messenger Bag,https://www.amazon.in/Kleider-Travel-Business-Messenger-Shoulder/dp/B084ZHP97M/ref=sr_1_53?keywords=bags&qid=1688740731&sr=8-53,,4.0 out of 5 stars,"5,053"
"STRABO Cooper for Boys Girls Stylish Men and Women Casual 15"" inch 25L CANVAS Laptop BACKPACK | Office, College, Travel Bag",https://www.amazon.in/STRABO-Cooper-Laptop-Bag-Capacity/dp/B0BX9SVT1D/ref=sr_1_54?keywords=bags&qid=1688740731&sr=8-54,,4.3 out of 5 stars,40
Storite Stylish Padded Small Nylon Sling Cross Body Travel Office Business Messenger One Side Shoulder Bag for Men Women (25x16x7.5cm) (Dark Grey),https://www.amazon.in/gp/bestsellers/luggage/2917442031/ref=sr_bs_6_2917442031_1,,4.1 out of 5 stars,"8,502"
Half Moon Aztec 37L School Bag Class 5-12 | College Bagpack for Men/College Back pack for Women | 15.6 inch Laptop Bag for Men/Backpack for Men | Spacious & Multiple Pockets,https://www.amazon.in/Half-Moon-Backpack-Spacious-Multiple/dp/B0C23Z9W18/ref=sr_1_56?keywords=bags&qid=1688740731&sr=8-56,,3.7 out of 5 stars,87
Gear Cross Training 22L Water Resistant Travel Duffle Bag/Gym Bag for Men/Women - Grey Orange,https://www.amazon.in/Gear-Polyester-Travel-Duffle-DUFCRSTNG0406/dp/B075MMWRW6/ref=sr_1_57?keywords=bags&qid=1688740731&sr=8-57,,4.2 out of 5 stars,"16,527"
,,,,
"Fur Jaden 15.6 Inch Laptop Backpack 25 LTR Bag for School, College and Office with USB Charging Port",https://www.amazon.in/Casual-Backpack-Charging-Laptop-Compartment/dp/B07J46KLFP/ref=sr_1_58?keywords=bags&qid=1688740731&sr=8-58,,3.9 out of 5 stars,"10,261"
Tommy Hilfiger Joshua 21 Ltrs Black Laptop Backpack (TH/JOSHUALAP01),https://www.amazon.in/Hilfiger-Joshua-Backpack-TH-JOSHUALAP01/dp/B07N8GRWTZ/ref=sr_1_59?keywords=bags&qid=1688740731&sr=8-59,,4.1 out of 5 stars,324
Gear Casual Backpack,https://www.amazon.in/Gear-Black-Casual-Backpack-MDBKPECO50104/dp/B0757MBSS6/ref=sr_1_60?keywords=bags&qid=1688740731&sr=8-60,,3.8 out of 5 stars,"2,196"
Skybags 22 ltrs (16 Cms) backpack(BPFLE22EBTH_Blith),https://www.amazon.in/Skybags-Unisex-Blith-Jacquard-Backpacks/dp/B0B21Z3DBD/ref=sr_1_61?keywords=bags&qid=1688740731&sr=8-61,,4.1 out of 5 stars,29
Bennett™ Mystic 15.6 inch (39.6cm) Laptop Briefcase Shoulder Sling Office Business Professional Travel Messenger Bag for Men and Women Water Repellent Formal Executive Bags (Grey) 6 Months Warranty,https://www.amazon.in/BennettTM-Mystic-Shoulder-Messenger-Repellent/dp/B09321GJXZ/ref=sr_1_62?keywords=bags&qid=1688740731&sr=8-62,,4.0 out of 5 stars,"6,068"
Arctic Fox 15 Liters Draw String Bag Lavender Backpack,https://www.amazon.in/Arctic-Fox-Liters-String-Backpack/dp/B08L6Q9V1H/ref=sr_1_63?keywords=bags&qid=1688740731&sr=8-63,,4.3 out of 5 stars,"3,342"
"Safari Sneak Casual Backpack with USB Charging Port 26 Ltrs Water Resistant Fabric - Grey, L (SNEAK19CBGRE)",https://www.amazon.in/Safari-Casual-Backpack-Charging-Resistant/dp/B09B2581S9/ref=sr_1_64?keywords=bags&qid=1688740731&sr=8-64,,3.8 out of 5 stars,998
,https://www.amazon.in/s/?k=bags+for+girls&ref=sugsr_0&pd_rd_w=vCOBh&content-id=amzn1.sym.f0166a2b-0975-4017-be10-7ecf88afb403:amzn1.sym.f0166a2b-0975-4017-be10-7ecf88afb403&pf_rd_p=f0166a2b-0975-4017-be10-7ecf88afb403&pf_rd_r=Q5T59R4C3C49X02DAZSY&pd_rd_wg=zTikF&pd_rd_r=4fd2fed8-b55c-4731-95c2-c8b83b0ac444&qid=1688740731,,,bags for girls
,https://www.amazon.in/s?k=bags&page=3&qid=1688740731&ref=sr_pg_4,,,
,https://www.amazon.inhttps://aax-eu.amazon.in/x/c/RMItZ5zfgrD2A1HydgARjikAAAGJMMqZpgMAAAH2AQBvbm9fdHhuX2JpZDEgICBvbm9fdHhuX2ltcDEgICCfCV-0/https://www.amazon.in/stores/page/BE46DD0C-D3E2-45A1-8532-D09D0BD52946/?_encoding=UTF8&store_ref=SB_A00317001GJAO5QFWKMHM&pd_rd_plhdr=t&aaxitk=66c9354a04f70ec1e2a8f87750810e51&hsa_cr_id=0&lp_asins=B09HNNKH9M%2CB09YNGZ7L6%2CB0BL3TBNHL&lp_query=bags&lp_slot=desktop-hsa-3psl&ref_=sbx_be_s_3psl_mbd_mb0_bkgd&pd_rd_w=Dix7W&content-id=amzn1.sym.f1a4d09d-a292-48da-a86f-03294c9a41ef%3Aamzn1.sym.f1a4d09d-a292-48da-a86f-03294c9a41ef&pf_rd_p=f1a4d09d-a292-48da-a86f-03294c9a41ef&pf_rd_r=Q5T59R4C3C49X02DAZSY&pd_rd_wg=4lsr4&pd_rd_r=1524f82e-88eb-4d57-9805-7707bd9282d9,,,House Of Kitchenware And Home Accessories
,https://www.amazon.in/gp/help/customer/display.html?nodeId=201889520,,,or
,,,,
,https://www.amazon.inhttps://aax-eu.amazon.in/x/c/RKZeOJ58JEAVFRdV7_ZNyqsAAAGJMMqyMQMAAAH2AQBvbm9fdHhuX2JpZDEgICBvbm9fdHhuX2ltcDEgICAlAAQh/https://www.amazon.in/stores/page/F4E8FDB9-E442-4B69-A1B0-8FC33FF250FF/?_encoding=UTF8&store_ref=SB_A1038196I5ENYHFR3TFO&pd_rd_plhdr=t&aaxitk=1f3c9b6917cb713719dcbeb8ca182b5c&hsa_cr_id=1508324240202&lp_asins=B07XXFB9CZ%2CB07ZC77WTW%2CB08D9BLBMF&lp_query=bags&lp_slot=auto-sparkle-hsa-tetris&ref_=sbx_be_s_sparkle_mcd_bkgd&pd_rd_w=8vzlN&content-id=amzn1.sym.1a19feb4-d0dc-4159-a1b8-4ffaaa3d7238%3Aamzn1.sym.1a19feb4-d0dc-4159-a1b8-4ffaaa3d7238&pf_rd_p=1a19feb4-d0dc-4159-a1b8-4ffaaa3d7238&pf_rd_r=00SY68W4QHF6TARD61ZN&pd_rd_wg=GUO0d&pd_rd_r=6831e177-cd45-48f6-9d8e-57355349600c,387..00,,
,,,,
ASTRID Women's Sling Bag (Prismatic Brownish Textured),https://www.amazon.in/ASTRID-Womens-Round-Sling-Pompoms/dp/B08VS8JBNK/ref=sr_1_273?keywords=bags&qid=1688740737&sr=8-273,,4.4 out of 5 stars,477
Cosmetic Bags for Women - Corduroy Cosmetic Bag Aesthetic Women Handbags Purses Smile Dots Makeup Organizer Storage Makeup Bag Girls Case Bags Capacity Canvas Makeup Bags (Beige),https://www.amazon.in/Cosmetic-Bags-Women-Aesthetic-Organizer/dp/B0C77ZN924/ref=sr_1_274?keywords=bags&qid=1688740737&sr=8-274,,,M.R.P:
K London Dark Brown Artificial Leather Handmade Men & Women Laptop Bag Cross Over Shoulder Messenger Bag Office Bag (1102_darkbrn),https://www.amazon.in/London-Artificial-Handmade-Messenger-1102_darkbrn/dp/B078BH7XV5/ref=sr_1_275?keywords=bags&qid=1688740737&sr=8-275,,4.2 out of 5 stars,"1,587"
,,,,
"Kenneth Cole Reaction Women's Chevron Quilted Polyester Twill 15.6"" Laptop Backpack, Midnight Black, One Size",https://www.amazon.in/Kenneth-Cole-Reaction-Polyester-Backpack/dp/B07GX3PWNK/ref=sr_1_276?keywords=bags&qid=1688740737&sr=8-276,,4.7 out of 5 stars,"3,635"
Tommy Hilfiger 27.072 Ltrs Navy Laptop Backpack (TH/FERNLAYLAP08),https://www.amazon.in/Hilfiger-Laptop-Backpack-TH-FERNLAYLAP07/dp/B07P3F44K6/ref=sr_1_277?keywords=bags&qid=1688740737&sr=8-277,,4.1 out of 5 stars,190
ADISA 32L Large Laptop Backpack Office Bag College Travel Back Pack with rain Cover (Navy),https://www.amazon.in/ADISA-Laptop-Backpack-Office-College/dp/B0BVRJYD9Q/ref=sr_1_278?keywords=bags&qid=1688740737&sr=8-278,,3.7 out of 5 stars,38
Cosmus Vogue Casual Laptop Backpack with USB Charger Port 46cm 26 Litre Dark Grey College Bag,https://www.amazon.in/Cosmus-Casual-Backpack-Charger-College/dp/B08D7DTWLF/ref=sr_1_279?keywords=bags&qid=1688740737&sr=8-279,,4.2 out of 5 stars,"1,407"
Lavie Women's Malnov Tote Bag | Ladies Purse Handbag,https://www.amazon.in/Lavie-Extra-Large-Malnov-Womens/dp/B08LRFCBLW/ref=sr_1_280?keywords=bags&qid=1688740737&sr=8-280,,4.1 out of 5 stars,"5,206"
"TRAWOC 60 Ltr Trekking Rucksack Travel Bag Hiking Backback, 1 Year Warranty, HK001",https://www.amazon.in/NOVICZ-HK001-TRAWOC-SKYBLUE-Blue-Rucksack/dp/B079N6KHPJ/ref=sr_1_281?keywords=bags&qid=1688740737&sr=8-281,,4.3 out of 5 stars,"3,866"
,,,,
Vanguard Alta Fly 58T Trolley Camera Bag (Black),https://www.amazon.in/Vanguard-Alta-Trolley-Camera-Black/dp/B07C3CRFNT/ref=sr_1_282?keywords=bags&qid=1688740737&sr=8-282,,4.6 out of 5 stars,52
FUR JADEN Vegan Leather 30L 15.6 Inch Laptop Backpack for Men Women for Office Professionals and College Students Brown,https://www.amazon.in/Fur-Jaden-resistant-Backpack-BM100_Brown/dp/B07P5X6NSN/ref=sr_1_283?keywords=bags&qid=1688740737&sr=8-283,,4.2 out of 5 stars,"2,311"
F Gear Burner Grey Black 19 Ltrs Casual Backpack (2449),https://www.amazon.in/F-Gear-Burner-Grey-Black-Backpack/dp/B01GVN0KJ0/ref=sr_1_284?keywords=bags&qid=1688740737&sr=8-284,,4.2 out of 5 stars,"3,480"
"FUR JADEN Faux Leather 15.6 Inch Premium Laptop Backpack 32L with Internal Organizer, 2 Large Compartments",https://www.amazon.in/FUR-JADEN-Backpack-Organizer-Compartments/dp/B0BQYKTDCK/ref=sr_1_285?keywords=bags&qid=1688740737&sr=8-285,,4.5 out of 5 stars,103
FUR JADEN Pro Series Smart Tech Anti-Theft Laptop Backpack With USB-A and USB-C Type Charging Port for Men & Women For Business Professionals & College Students,https://www.amazon.in/FUR-JADEN-Anti-Theft-Backpack-Professionals/dp/B0C28K6JBP/ref=sr_1_286?keywords=bags&qid=1688740737&sr=8-286,,4.8 out of 5 stars,81
Gear Parker 23L Water Resistant Anti Theft Laptop Bag/Backpack for Men/Women - Black,https://www.amazon.in/Gear-Executive-Anti-Theft-Backpack-BKPPKREXE0101/dp/B097KCMQKG/ref=sr_1_287?keywords=bags&qid=1688740737&sr=8-287,,4.3 out of 5 stars,412
ADISA women girls embroided sling bag,https://www.amazon.in/ADISA-women-girls-white-embroided/dp/B08RWSN66R/ref=sr_1_288?keywords=bags&qid=1688740737&sr=8-288,,4.2 out of 5 stars,766
,https://www.amazon.in/s/?k=bags+for+girls&ref=sugsr_0&pd_rd_w=7CoBX&content-id=amzn1.sym.f0166a2b-0975-4017-be10-7ecf88afb403:amzn1.sym.f0166a2b-0975-4017-be10-7ecf88afb403&pf_rd_p=f0166a2b-0975-4017-be10-7ecf88afb403&pf_rd_r=00SY68W4QHF6TARD61ZN&pd_rd_wg=HEzUQ&pd_rd_r=49e2f3de-4c33-4bee-a765-c44011031fa4&qid=1688740737,,,bags for girls
,https://www.amazon.in/s?k=bags&page=17&qid=1688740737&ref=sr_pg_18,,,
,https://www.amazon.inhttps://aax-eu.amazon.in/x/c/RGgi0JfDQBTzerpC5au6OF0AAAGJMMqzqgMAAAH2AQBvbm9fdHhuX2JpZDMgICBvbm9fdHhuX2ltcDEgICArTso5/https://www.amazon.in/stores/page/BE46DD0C-D3E2-45A1-8532-D09D0BD52946/?_encoding=UTF8&store_ref=SB_A00317001GJAO5QFWKMHM&pd_rd_plhdr=t&aaxitk=66c9354a04f70ec1e2a8f87750810e51&hsa_cr_id=0&lp_asins=B09HNNKH9M%2CB09YNGZ7L6%2CB0BL3TBNHL&lp_query=bags&lp_slot=desktop-hsa-3psl&ref_=sbx_be_s_3psl_mbd_mb0_bkgd&pd_rd_w=vRgxM&content-id=amzn1.sym.f1a4d09d-a292-48da-a86f-03294c9a41ef%3Aamzn1.sym.f1a4d09d-a292-48da-a86f-03294c9a41ef&pf_rd_p=f1a4d09d-a292-48da-a86f-03294c9a41ef&pf_rd_r=00SY68W4QHF6TARD61ZN&pd_rd_wg=iaPhs&pd_rd_r=f6cdc144-9fdb-4b23-844c-41c8eb7b4d98,,,House Of Kitchenware And Home Accessories
,https://www.amazon.in/gp/help/customer/display.html?nodeId=201889520,,,or
,,,,
,,,,
"FATMUG Sports Duffel Gym Bag for Men, Women with Wet Pocket and Shoe Compartment (Light Grey 32L)",https://www.amazon.in/FATMUG-Compartment-Shoulder-Training-Overnight/dp/B08PC3FZWV/ref=sr_1_289?keywords=bags&qid=1688740740&sr=8-289,,4.4 out of 5 stars,232
"House of Quirk Electronics Accessories Organizer Bag, Universal Carry Travel Gadget Bag for Cables, Plug and More, Perfect Size Fits for Pad Phone Charger Hard Disk - Dark Blue",https://www.amazon.in/House-Quirk-Electronics-Accessories-Organizer/dp/B07MMGBD1J/ref=sr_1_290?keywords=bags&qid=1688740740&sr=8-290,,4.2 out of 5 stars,"1,362"
Safari Hexa 21 Ltrs Water Resistant Backpack,https://www.amazon.in/Safari-Hexa-Water-Resistant-Backpack/dp/B09B26TVPM/ref=sr_1_291?keywords=bags&qid=1688740740&sr=8-291,,3.9 out of 5 stars,477
,,,,
"ARCTIC HUNTER 15.6"" Laptop Bag (Flair) Anti-Theft Built-in Combination Lock, Side Bottle Pockets, Expandable, Waterproof for Office College Men Women",https://www.amazon.in/WALKENT-Flair-Expandable-Anti-Theft-Waterproof/dp/B09BVSNMS2/ref=sr_1_292?keywords=bags&qid=1688740740&sr=8-292,,4.2 out of 5 stars,69
Xelvix Cosmetic Organizer Bag Makeup Pouch For Women Travel Toiletry Bag for Cosmetics Brushes Accessories Waterproof Zippered Cosmetic Bag Portable Carry Pouch (Pink),https://www.amazon.in/Xelvix-Organizer-Cosmetics-Accessories-Waterproof/dp/B0B8VJKHY2/ref=sr_1_293?keywords=bags&qid=1688740740&sr=8-293,,4.3 out of 5 stars,287
Gear Inspired Alive Moving 27L Water Resistant Travel Duffle Bag/Gym Bag for Men/Women (Black-Yellow),https://www.amazon.in/Gear-Inspired-Moving-Resistant-Black-Yellow/dp/B0BSFZMVP1/ref=sr_1_294?keywords=bags&qid=1688740740&sr=8-294,,4.3 out of 5 stars,3
"Puma Unisex-Adult Core Backpack, Parisian Night (9018302)",https://www.amazon.in/Puma-Unisex-Adult-Backpack-Parisian-9018302/dp/B0BWF3K4GC/ref=sr_1_295?keywords=bags&qid=1688740740&sr=8-295,911..26,4.5 out of 5 stars,2
Tabelito® Laptop Bag For Men and women Briefcase 15.6 Inch (39.6 cm) Messenger Side Shoulder Travel bags for mens Water Resistant gifts office bag for men,https://www.amazon.in/Tabelito-Office-Laptop-Briefcase-Women/dp/B08FL584Z4/ref=sr_1_296?keywords=bags&qid=1688740740&sr=8-296,,3.8 out of 5 stars,"1,547"
F Gear Burner Grey Black 19 Ltrs Casual Backpack (2449),https://www.amazon.in/F-Gear-Burner-Grey-Black-Backpack/dp/B01GVN0KJ0/ref=sr_1_297?keywords=bags&qid=1688740740&sr=8-297,,4.2 out of 5 stars,"3,480"
,,,,
American Tourister Bounce 28 Ltrs Grey Casual Backpack (FR9 (0) 08 003),https://www.amazon.in/American-Tourister-FR9-08-003/dp/B07RWZJG2R/ref=sr_1_298?keywords=bags&qid=1688740740&sr=8-298,,4.0 out of 5 stars,567
Half Moon Aztec 37L School Bag Class 5-12 | College Bagpack for Men/College Back pack for Women | 15.6 inch Laptop Bag for Men/Backpack for Men | Spacious & Multiple Pockets,https://www.amazon.in/Half-Moon-Backpack-Spacious-Multiple/dp/B0C241FLW2/ref=sr_1_299?keywords=bags&qid=1688740740&sr=8-299,,3.7 out of 5 stars,87
"POLESTAR Enzo 15.6 inch 35 LTR Casual Laptop Backpack/Office Bag/School Bag/College Bag/Business Bag/Unisex Backpack, Water Resistant and Light Weight, 1 year Warranty",https://www.amazon.in/Polestar-Liters-Polyester-Casual-Backpack/dp/B09243WY6M/ref=sr_1_300?keywords=bags&qid=1688740740&sr=8-300,,4.1 out of 5 stars,"3,911"
Wildcraft 60 Ltrs Orange Rucksack (8903338073833),https://www.amazon.in/Wildcraft-Ltrs-Orange-Rucksack-8903338073833/dp/B01G5I8VKQ/ref=sr_1_301?keywords=bags&qid=1688740740&sr=8-301,,4.2 out of 5 stars,"1,463"
Arctic Fox Shutter Basics Grey Camera Sling Bag,https://www.amazon.in/Arctic-Fox-Shutter-Basics-Camera/dp/B09K479JRQ/ref=sr_1_302?keywords=bags&qid=1688740740&sr=8-302,,4.5 out of 5 stars,182
"Nivia Polyester Enfold -01 Round Bag, Black, Gray",https://www.amazon.in/Nivia-3034-Polyester-Enfold-Round/dp/B083FBQY5T/ref=sr_1_303?keywords=bags&qid=1688740740&sr=8-303,,4.1 out of 5 stars,15
"Puma Unisex-Adult Phase AOP Backpack, Black-Camo Tech AOP, X (7804610)",https://www.amazon.in/Puma-Unisex-Adult-Backpack-Black-Camo-7804610/dp/B0B33SVKHK/ref=sr_1_304?keywords=bags&qid=1688740740&sr=8-304,,,50+ bought in past month
,https://www.amazon.in/s/?k=bags+for+girls&ref=sugsr_0&pd_rd_w=Q8Mlu&content-id=amzn1.sym.f0166a2b-0975-4017-be10-7ecf88afb403:amzn1.sym.f0166a2b-0975-4017-be10-7ecf88afb403&pf_rd_p=f0166a2b-0975-4017-be10-7ecf88afb403&pf_rd_r=J8PK5AJWT6Y4ZGKVEAK5&pd_rd_wg=VZD2k&pd_rd_r=6200d61e-51e7-40eb-bd84-903e32fea3ae&qid=1688740740,,,bags for girls
,https://www.amazon.in/s?k=bags&page=18&qid=1688740740&ref=sr_pg_19,,,
,https://www.amazon.inhttps://aax-eu.amazon.in/x/c/RPoa_QKknz6ONtbcPxmtilgAAAGJMMq-oAMAAAH2AQBvbm9fdHhuX2JpZDIgICBvbm9fdHhuX2ltcDEgICA9m6rH/https://www.amazon.in/stores/page/BE46DD0C-D3E2-45A1-8532-D09D0BD52946/?_encoding=UTF8&store_ref=SB_A00317001GJAO5QFWKMHM&pd_rd_plhdr=t&aaxitk=66c9354a04f70ec1e2a8f87750810e51&hsa_cr_id=0&lp_asins=B09HNNKH9M%2CB09YNGZ7L6%2CB0BL3TBNHL&lp_query=bags&lp_slot=desktop-hsa-3psl&ref_=sbx_be_s_3psl_mbd_mb0_bkgd&pd_rd_w=NmG3K&content-id=amzn1.sym.f1a4d09d-a292-48da-a86f-03294c9a41ef%3Aamzn1.sym.f1a4d09d-a292-48da-a86f-03294c9a41ef&pf_rd_p=f1a4d09d-a292-48da-a86f-03294c9a41ef&pf_rd_r=J8PK5AJWT6Y4ZGKVEAK5&pd_rd_wg=nQlxs&pd_rd_r=36c99b31-5dce-4108-8ad0-4bcf2dc3ba41,,,House Of Kitchenware And Home Accessories
,https://www.amazon.in/gp/help/customer/display.html?nodeId=201889520,,,or
,,,,
